<?xml version="1.0" encoding="UTF-8"?>
<beans xmlns="http://www.springframework.org/schema/beans"
	xmlns:xsi="http://www.w3.org/2001/XMLSchema-instance" xmlns:p="http://www.springframework.org/schema/p"
	xmlns:context="http://www.springframework.org/schema/context"
	xmlns:tx="http://www.springframework.org/schema/tx"
    xmlns:aop="http://www.springframework.org/schema/aop"
	xsi:schemaLocation="http://www.springframework.org/schema/beans
         http://www.springframework.org/schema/beans/spring-beans-3.2.xsd
         http://www.springframework.org/schema/context
         http://www.springframework.org/schema/context/spring-context-3.2.xsd
         http://www.springframework.org/schema/tx
         http://www.springframework.org/schema/tx/spring-tx-3.2.xsd
         http://www.springframework.org/schema/aop
         http://www.springframework.org/schema/aop/spring-aop-3.2.xsd">
    <!-- 自动扫描 @service注解的类-->  
     <context:component-scan base-package="com.isle.service.impl" />
    <!-- 引入配置文件 -->  
    <bean id="propertyConfigurer"  
        class="org.springframework.beans.factory.config.PropertyPlaceholderConfigurer">  
        <property name="location" value="classpath:jdbc.properties" />  
    </bean>  
  
    <bean id="dataSource" class="org.apache.commons.dbcp.BasicDataSource"  
        destroy-method="close">  
        <property name="driverClassName" value="${driver}" />  
        <property name="url" value="${url}" />  
        <property name="username" value="${username}" />  
        <property name="password" value="${password}" />  
        <!-- 初始化连接大小 -->  
        <property name="initialSize" value="${initialSize}"></property>  
        <!-- 连接池最大数量 -->  
        <property name="maxActive" value="${maxActive}"></property>  
        <!-- 连接池最大空闲 -->  
        <property name="maxIdle" value="${maxIdle}"></property>  
        <!-- 连接池最小空闲 -->  
        <property name="minIdle" value="${minIdle}"></property>  
        <!-- 获取连接最大等待时间 -->  
        <property name="maxWait" value="${maxWait}"></property>  
    </bean>  
  
    <!-- spring和MyBatis完美整合，不需要mybatis的配置映射文件 -->
<!--    <bean id="sqlSessionFactory" class="org.mybatis.spring.SqlSessionFactoryBean">-->
<!--        <property name="dataSource" ref="dataSource" />-->
<!--        &lt;!&ndash; 自动扫描mapping.xml文件 &ndash;&gt;-->
<!--        <property name="mapperLocations">-->
<!--            <array>-->
<!--                <value>classpath:com/isle/mapper/*.xml</value>-->
<!--            </array>-->
<!--        </property>-->
<!--    </bean>-->


    <!-- SqlSessionFactory -->
    <bean id="factory" class="org.mybatis.spring.SqlSessionFactoryBean">
        <property name="dataSource" ref="dataSource"></property>
        <property name="typeAliasesPackage" value="com.isle.pojo"></property>
    </bean>

    <!-- DAO接口所在包名，Spring会自动查找其下的类 -->  
    <bean class="org.mybatis.spring.mapper.MapperScannerConfigurer">  
        <property name="basePackage" value="com.isle.mapper"></property>
        <property name="sqlSessionFactoryBeanName" value="factory"></property>
    </bean>


    <!-- 事务管理器 -->
    <bean id="txManage" class="org.springframework.jdbc.datasource.DataSourceTransactionManager">
        <property name="dataSource" ref="dataSource"></property>
    </bean>
    <!-- 声明式事务 -->
<!--    <tx:advice id="txAdvice" transaction-manager="txManage">-->
<!--        <tx:attributes>-->
<!--            <tx:method name="ins*"/>-->
<!--            <tx:method name="del*"/>-->
<!--            <tx:method name="upd*"/>-->
<!--            <tx:method name="*" read-only="true"/>-->
<!--        </tx:attributes>-->
<!--    </tx:advice>-->
<!--    &lt;!&ndash; 配置aop &ndash;&gt;-->
<!--    <aop:config>-->
<!--        <aop:pointcut expression="execution(* com.isle.service.impl.*.*(..))" id="mypoint"/>-->
<!--        <aop:advisor advice-ref="txAdvice" pointcut-ref="mypoint"/>-->
<!--    </aop:config>-->
</beans> 