<?xml version="1.0" encoding="UTF-8"?>
<beans xmlns="http://www.springframework.org/schema/beans"
	   xmlns:xsi="http://www.w3.org/2001/XMLSchema-instance"
	   xmlns:p="http://www.springframework.org/schema/p"
	   xmlns:context="http://www.springframework.org/schema/context"
	   xmlns:mvc="http://www.springframework.org/schema/mvc"
	   xmlns:task="http://www.springframework.org/schema/task"
	   xsi:schemaLocation="http://www.springframework.org/schema/beans
                        http://www.springframework.org/schema/beans/spring-beans-3.1.xsd
                        http://www.springframework.org/schema/context
                        http://www.springframework.org/schema/context/spring-context-3.1.xsd
                        http://www.springframework.org/schema/mvc
                        http://www.springframework.org/schema/mvc/spring-mvc-4.0.xsd
 						http://www.springframework.org/schema/task
                        http://www.springframework.org/schema/task/spring-task-3.2.xsd">
	<!-- 自动扫描该包，使SpringMVC认为包下用了@controller注解的类是控制器 -->
	<mvc:annotation-driven />
	<context:component-scan base-package="com.isle.controller" />
	<context:component-scan base-package="com.isle.exception" />
	<context:component-scan base-package="com.isle.util" />
	<context:component-scan base-package="com.isle.Task" />
	<task:annotation-driven scheduler="scheduler"/>
	<task:scheduler id="scheduler" pool-size="20"/>
	<context:component-scan base-package="com.isle.Task" />


	<bean class="org.springframework.web.servlet.view.InternalResourceViewResolver">
		<property name="prefix" value="/adminjsp/"/>
		<property name="suffix" value=".jsp"/>
	</bean>

	<bean class="org.springframework.web.servlet.mvc.annotation.AnnotationMethodHandlerAdapter" >
		<property name="messageConverters">
			<list>
				<bean class = "org.springframework.http.converter.StringHttpMessageConverter">
					<property name = "supportedMediaTypes">
						<list>
							<value>text/html;charset=UTF-8</value>
							<value>text/plain;charset=utf-8</value>
						</list>
					</property>
				</bean>
			</list>
		</property>
	</bean>

	<!--避免IE执行AJAX时，返回JSON出现下载文件 -->
	<bean id="mappingJacksonHttpMessageConverter"
		  class="org.springframework.http.converter.json.MappingJacksonHttpMessageConverter">
		<property name="supportedMediaTypes">
			<list>
				<value>text/html;charset=UTF-8</value>
			</list>
		</property>
	</bean>





	<!-- 配置文件上传，如果没有使用文件上传可以不用配置，当然如果不配，那么配置文件中也不必引入上传组件包 -->
	<bean id="multipartResolver"
		  class="org.springframework.web.multipart.commons.CommonsMultipartResolver">
		<!-- 默认编码 -->
		<property name="defaultEncoding" value="utf-8" />
		<!-- 文件大小最大值 -->
		<property name="maxUploadSize" value="10485760000" />
		<!-- 内存中的最大值 -->
		<property name="maxInMemorySize" value="40960" />
	</bean>

	<bean id="executor" class="org.springframework.scheduling.concurrent.ThreadPoolTaskExecutor">
		<property name="corePoolSize" value="10" />
		<property name="maxPoolSize" value="100" />
		<property name="queueCapacity" value="500" />
	</bean>
	<mvc:resources mapping="/layui/**" location="/layui/" />
	<mvc:resources mapping="/dist/**" location="/dist/" />

</beans>
